tvg_id,epg_id_matched,source,duplicate_sources
24HourFreeMovies.us@SD,24HourFreeMovies.us@SD,grabber-epg,
3ABNEnglish.us@SD,3ABNEnglish.us@SD,grabber-epg,
3ABNLatino.us@SD,3ABNLatino.us@SD,grabber-epg,
48Hours.us@US,48Hours.us@US,grabber-epg,
50CentAction.us@SD,50CentAction.us@SD,grabber-epg,
70sCinema.us@SD,70sCinema.us@SD,grabber-epg,
80sRewind.us@SD,80sRewind.us@SD,grabber-epg,
90sThrowback.us@SD,90sThrowback.us@SD,grabber-epg,
ABC.us@KRCA,ABC.us@KRCA,grabber-epg,
ABC.us@WMURTV,ABC.us@WMURTV,grabber-epg,
AcapulcoShore.us@US,AcapulcoShore.us@US,grabber-epg,
ACCDigitalNetwork.us@SD,ACCDigitalNetwork.us@SD,grabber-epg,
ACCNetwork.us@SD,ACCNetwork.us@SD,grabber-epg,
AccuWeatherNOW.us@SD,AccuWeatherNOW.us@SD,grabber-epg,
AdrenalinaPuraTV.us@SD,AdrenalinaPuraTV.us@SD,grabber-epg,
AE.us@East,AE.us@East,grabber-epg,
AfroLandTV.us@SD,AfroLandTV.us@SD,grabber-epg,
AlientoVision.us@SD,AlientoVision.us@SD,grabber-epg,
ALLBLKGems.us@SD,ALLBLKGems.us@SD,grabber-epg,
AllRealitybyWEtv.us@SD,AllRealitybyWEtv.us@SD,grabber-epg,
AllWeddingsWEtv.us@SD,AllWeddingsWEtv.us@SD,grabber-epg,
AlwaysFunnyVideos.us@SD,AlwaysFunnyVideos.us@SD,grabber-epg,
AMC.us@East,AMC.us@East,grabber-epg,
AMCenEspanol.us@SD,AMCenEspanol.us@SD,grabber-epg,
AmericasTestKitchen.us@SD,AmericasTestKitchen.us@SD,grabber-epg,
AmericasVoice.us@SD,AmericasVoice.us@SD,grabber-epg,
AmericasVoiceNews.us@SD,AmericasVoiceNews.us@SD,grabber-epg,
AMP2.us@SD,AMP2.us@SD,grabber-epg,
AngerManagementChannel.us@SD,AngerManagementChannel.us@SD,grabber-epg,
AnimationPlus.us@SD,AnimationPlus.us@SD,grabber-epg,
AnimexHIDIVE.us@SD,AnimexHIDIVE.us@SD,grabber-epg,
AntiquesRoadshowUK.us@SD,AntiquesRoadshowUK.us@SD,grabber-epg,
AntiquesRoadTrip.us@SD,AntiquesRoadTrip.us@SD,grabber-epg,
AreWeThereYet.us@SD,AreWeThereYet.us@SD,grabber-epg,
AsianCrush.us@SD,AsianCrush.us@SD,grabber-epg,
AtHomewithFamilyHandyman.us@SD,AtHomewithFamilyHandyman.us@SD,grabber-epg,
AutenticHistory.de@SD,AutenticHistory.de@SD,grabber-epg,
AutenticTravel.de@SD,AutenticTravel.de@SD,grabber-epg,
BabyFirst.us@Spanish,BabyFirst.us@Spanish,grabber-epg,
BabySharkTV.us@SD,BabySharkTV.us@SD,grabber-epg,
Backstage.us@SD,Backstage.us@SD,grabber-epg,
BarRescue.us@SD,BarRescue.us@SD,grabber-epg,
Baywatch.us@US,Baywatch.us@US,grabber-epg,
BBCAmerica.us@East,BBCAmerica.us@East,grabber-epg,
BBCEarth.uk@US,BBCEarth.uk@US,grabber-epg,
BBCFood.us@SD,BBCFood.us@SD,grabber-epg,
BBCHomeGarden.us@SD,BBCHomeGarden.us@SD,grabber-epg,
beINSPORTSXTRA.us@SD,beINSPORTSXTRA.us@SD,grabber-epg,
beINSPORTSXTRAenEspanol.us@SD,beINSPORTSXTRAenEspanol.us@SD,grabber-epg,
BellatorMMA.us@SD,BellatorMMA.us@SD,grabber-epg,
BestofDrPhil.us@SD,BestofDrPhil.us@SD,grabber-epg,
BETClassicsPlutoTV.us@SD,BETClassicsPlutoTV.us@SD,grabber-epg,
BETPlutoTV.us@US,BETPlutoTV.us@US,grabber-epg,
BeverlyHillbillies.us@US,BeverlyHillbillies.us@US,grabber-epg,
BeverlyHills90210.us@SD,BeverlyHills90210.us@SD,grabber-epg,
BigTenNetwork.us@SD,BigTenNetwork.us@SD,grabber-epg,
BilliardTV.us@SD,BilliardTV.us@SD,grabber-epg,
BlackInkCrew.us@SD,BlackInkCrew.us@SD,grabber-epg,
BlazeLive.us@SD,BlazeLive.us@SD,grabber-epg,
BloombergOriginals.us@SD,BloombergOriginals.us@SD,grabber-epg,
BloombergTV.us@PoliticsLiveEvent,BloombergTV.us@PoliticsLiveEvent,grabber-epg,
BlueBloods.us@SD,BlueBloods.us@SD,grabber-epg,
bonappetit.us@SD,bonappetit.us@SD,grabber-epg,
Bounce.us@SD,Bounce.us@SD,grabber-epg,
BounceXL.us@SD,BounceXL.us@SD,grabber-epg,
BratTV.us@SD,BratTV.us@SD,grabber-epg,
Bravo.us@East,Bravo.us@East,grabber-epg,
BritBoxMysteries.us@SD,BritBoxMysteries.us@SD,grabber-epg,
BusinessRockstars.us@SD,BusinessRockstars.us@SD,grabber-epg,
Buzzr.us@SD,Buzzr.us@SD,grabber-epg,
BYUTV.us@SD,BYUTV.us@SD,grabber-epg,
CampSpoopy.us@SD,CampSpoopy.us@SD,grabber-epg,
CBS.us@WPEC,CBS.us@WPEC,grabber-epg,
CBSNews247.us@SD,CBSNews247.us@SD,grabber-epg,
CBSNewsBaltimore.us@SD,CBSNewsBaltimore.us@SD,grabber-epg,
CBSNewsBayArea.us@SD,CBSNewsBayArea.us@SD,grabber-epg,
CBSNewsBoston.us@SD,CBSNewsBoston.us@SD,grabber-epg,
CBSNewsChicago.us@SD,CBSNewsChicago.us@SD,grabber-epg,
CBSNewsColorado.us@SD,CBSNewsColorado.us@SD,grabber-epg,
CBSNewsDetroit.us@SD,CBSNewsDetroit.us@SD,grabber-epg,
CBSNewsLosAngeles.us@SD,CBSNewsLosAngeles.us@SD,grabber-epg,
CBSNewsMiami.us@SD,CBSNewsMiami.us@SD,grabber-epg,
CBSNewsMinnesota.us@SD,CBSNewsMinnesota.us@SD,grabber-epg,
CBSNewsNewYork.us@SD,CBSNewsNewYork.us@SD,grabber-epg,
CBSNewsPhilly.us@SD,CBSNewsPhilly.us@SD,grabber-epg,
CBSNewsPittsburgh.us@SD,CBSNewsPittsburgh.us@SD,grabber-epg,
CBSNewsSacramento.us@SD,CBSNewsSacramento.us@SD,grabber-epg,
CBSSportsGolazoNetwork.us@SD,CBSSportsGolazoNetwork.us@SD,grabber-epg,
CBSSportsHQ.us@SD,CBSSportsHQ.us@SD,grabber-epg,
CelebrityNameGame.us@SD,CelebrityNameGame.us@SD,grabber-epg,
Charge.us@SD,Charge.us@SD,grabber-epg,
CheddarNews.us@SD,CheddarNews.us@SD,grabber-epg,
Choppertown.us@SD,Choppertown.us@SD,grabber-epg,
CineAdrenalina.us@SD,CineAdrenalina.us@SD,grabber-epg,
CineAmor.us@SD,CineAmor.us@SD,grabber-epg,
CinePremiere.us@SD,CinePremiere.us@SD,grabber-epg,
CinePride.us@SD,CinePride.us@SD,grabber-epg,
CineRomantico.us@SD,CineRomantico.us@SD,grabber-epg,
CineSony.us@SD,CineSony.us@SD,grabber-epg,
CineTerror.us@US,CineTerror.us@US,grabber-epg,
Cinevault80s.us@SD,Cinevault80s.us@SD,grabber-epg,
CinevaultWesterns.us@SD,CinevaultWesterns.us@SD,grabber-epg,
Circle.us@SD,Circle.us@SD,grabber-epg,
Clarity4K.us@SD,Clarity4K.us@SD,grabber-epg,
Classica.us@SD,Classica.us@SD,grabber-epg,
ClassicMoviesChannel.us@SD,ClassicMoviesChannel.us@SD,grabber-epg,
ClassicTVComedy.us@SD,ClassicTVComedy.us@SD,grabber-epg,
ClassicTVDrama.us@SD,ClassicTVDrama.us@SD,grabber-epg,
ClassicTVFamilies.us@US,ClassicTVFamilies.us@US,grabber-epg,
CMT.us@East,CMT.us@East,grabber-epg,
CMTEqualPlay.us@SD,CMTEqualPlay.us@SD,grabber-epg,
CNBC.us@SD,CNBC.us@SD,grabber-epg,
ColdCaseFiles.us@SD,ColdCaseFiles.us@SD,grabber-epg,
ComedyCentral.us@East,ComedyCentral.us@East,grabber-epg,
ComedyCentralenEspanol.us@SD,ComedyCentralenEspanol.us@SD,grabber-epg,
ComedyCentralPlutoTV.us@US,ComedyCentralPlutoTV.us@US,grabber-epg,
ComedyDynamics.us@SD,ComedyDynamics.us@SD,grabber-epg,
Comet.us@SD,Comet.us@SD,grabber-epg,
ConcertChannel.us@SD,ConcertChannel.us@SD,grabber-epg,
CookingPanda.us@SD,CookingPanda.us@SD,grabber-epg,
Cops.us@SD,Cops.us@SD,grabber-epg,
CourtTV.us@SD,CourtTV.us@SD,grabber-epg,
Crime360.us@SD,Crime360.us@SD,grabber-epg,
CrimenesImperfectos.us@SD,CrimenesImperfectos.us@SD,grabber-epg,
CrimePlusInvestigation.us@SD,CrimePlusInvestigation.us@SD,grabber-epg,
Crunchyroll.us@SD,Crunchyroll.us@SD,grabber-epg,
CSI.us@SD,CSI.us@SD,grabber-epg,
CSIenespanol.us@SD,CSIenespanol.us@SD,grabber-epg,
CuriosityNOW.de@EN,CuriosityNOW.de@EN,grabber-epg,
DangerTV.us@SD,DangerTV.us@SD,grabber-epg,
DarkMatterTV.us@SD,DarkMatterTV.us@SD,grabber-epg,
Dateline247.us@SD,Dateline247.us@SD,grabber-epg,
DaystarTV.us@SD,DaystarTV.us@SD,grabber-epg,
DaystarTVEspanol.us@SD,DaystarTVEspanol.us@SD,grabber-epg,
DealorNoDeal.us@SD,DealorNoDeal.us@SD,grabber-epg,
Degrassi.us@US,Degrassi.us@US,grabber-epg,
DesignatedSurvivor.us@SD,DesignatedSurvivor.us@SD,grabber-epg,
DisneyChannel.us@East,DisneyChannel.us@East,grabber-epg,
DisneyJunior.us@East,DisneyJunior.us@East,grabber-epg,
DisneyXD.us@East,DisneyXD.us@East,grabber-epg,
DoctorWhoClassic.us@US,DoctorWhoClassic.us@US,grabber-epg,
DocumentaryPlus.us@US,DocumentaryPlus.us@US,grabber-epg,
DogtheBountyHunter.us@US,DogtheBountyHunter.us@US,grabber-epg,
DontTellTheBride.uk@SD,DontTellTheBride.uk@SD,grabber-epg,
DoveChannel.us@SD,DoveChannel.us@SD,grabber-epg,
DraftKingsNetwork.us@SD,DraftKingsNetwork.us@SD,grabber-epg,
DryBarComedyPlus.us@SD,DryBarComedyPlus.us@SD,grabber-epg,
DungeonTV.us@SD,DungeonTV.us@SD,grabber-epg,
E.us@East,E.us@East,grabber-epg,
EbonyTVbyLionsgate.us@SD,EbonyTVbyLionsgate.us@SD,grabber-epg,
EKeepingUp.us@SD,EKeepingUp.us@SD,grabber-epg,
ElectricNow.us@SD,ElectricNow.us@SD,grabber-epg,
EntertainmentTonight.us@SD,EntertainmentTonight.us@SD,grabber-epg,
ESPNDeportes.us@HD,ESPNDeportes.us@HD,grabber-epg,
ESPNews.us@SD,ESPNews.us@SD,grabber-epg,
ESPNU.us@SD,ESPNU.us@SD,grabber-epg,
EstrellaGames.us@SD,EstrellaGames.us@SD,grabber-epg,
EstrellaNews.us@SD,EstrellaNews.us@SD,grabber-epg,
EstrellaTV.us@SD,EstrellaTV.us@SD,grabber-epg,
EWTN.us@English,EWTN.us@English,grabber-epg,
F1Channel.ie@US,F1Channel.ie@US,grabber-epg,
FailArmy.us@US,FailArmy.us@US,grabber-epg,
FamilyTies.us@SD,FamilyTies.us@SD,grabber-epg,
Farscape.us@SD,Farscape.us@SD,grabber-epg,
FastTV.us@SD,FastTV.us@SD,grabber-epg,
FearFactor.us@US,FearFactor.us@US,grabber-epg,
FIFAPlus.uk@UnitedStates,FIFAPlus.uk@UnitedStates,grabber-epg,
FilmRiseAnime.us@SD,FilmRiseAnime.us@SD,grabber-epg,
FilmRiseClassicTV.us@SD,FilmRiseClassicTV.us@SD,grabber-epg,
FilmRiseForensicFiles.us@SD,FilmRiseForensicFiles.us@SD,grabber-epg,
FilmRiseWestern.us@SD,FilmRiseWestern.us@SD,grabber-epg,
FlicksofFury.us@SD,FlicksofFury.us@SD,grabber-epg,
ForensicFiles.us@SD,ForensicFiles.us@SD,grabber-epg,
ForeverKids.us@SD,ForeverKids.us@SD,grabber-epg,
Fox.us@East,Fox.us@East,grabber-epg,
Fox.us@WTXFTV,Fox.us@WTXFTV,grabber-epg,
FoxBusinessNetwork.us@SD,FoxBusinessNetwork.us@SD,grabber-epg,
FoxDeportes.us@SD,FoxDeportes.us@SD,grabber-epg,
FoxNewsChannel.us@SD,FoxNewsChannel.us@SD,grabber-epg,
FoxSoul.us@SD,FoxSoul.us@SD,grabber-epg,
FoxSports1.us@HD,FoxSports1.us@HD,grabber-epg,
FoxSports2.us@HD,FoxSports2.us@HD,grabber-epg,
FoxWeather.us@SD,FoxWeather.us@SD,grabber-epg,
Freeform.us@East,Freeform.us@East,grabber-epg,
FrightFlix.us@SD,FrightFlix.us@SD,grabber-epg,
FTFSports.us@SD,FTFSports.us@SD,grabber-epg,
FuboSportsNetwork.us@SD,FuboSportsNetwork.us@SD,grabber-epg,
FunnyAF.us@SD,FunnyAF.us@SD,grabber-epg,
Fuse.us@East,Fuse.us@East,grabber-epg,
FX.us@East,FX.us@East,grabber-epg,
FXMovieChannel.us@HD,FXMovieChannel.us@HD,grabber-epg,
FXX.us@East,FXX.us@East,grabber-epg,
GalxyTV.us@SD,GalxyTV.us@SD,grabber-epg,
GameShowCentral.us@SD,GameShowCentral.us@SD,grabber-epg,
GameShowNetwork.us@East,GameShowNetwork.us@East,grabber-epg,
GarfieldandFriends.us@US,GarfieldandFriends.us@US,grabber-epg,
GirlfriendsFilms.us@SD,GirlfriendsFilms.us@SD,grabber-epg,
GordonRamsaysHellsKitchen.us@SD,GordonRamsaysHellsKitchen.us@SD,grabber-epg,
GoTraveler.us@SD,GoTraveler.us@SD,grabber-epg,
GoUSATV.us@SD,GoUSATV.us@SD,grabber-epg,
GravitasMovies.us@SD,GravitasMovies.us@SD,grabber-epg,
GritXtra.us@SD,GritXtra.us@SD,grabber-epg,
GrjngoWesternMovies.de@SD,GrjngoWesternMovies.de@SD,grabber-epg,
Gunsmoke.us@SD,Gunsmoke.us@SD,grabber-epg,
HallmarkChannel.us@East,HallmarkChannel.us@East,grabber-epg,
HallmarkMoviesMore.us@SD,HallmarkMoviesMore.us@SD,grabber-epg,
HappyDays.us@SD,HappyDays.us@SD,grabber-epg,
HauntTV.ca@SD,HauntTV.ca@SD,grabber-epg,
Heartland.us@Web,Heartland.us@Web,grabber-epg,
History.us@East,History.us@East,grabber-epg,
HistoryHit.uk@SD,HistoryHit.uk@SD,grabber-epg,
HiYAH.us@SD,HiYAH.us@SD,grabber-epg,
HollyWire.us@SD,HollyWire.us@SD,grabber-epg,
Homeful.ca@US,Homeful.ca@US,grabber-epg,
HomeMadeNation.us@SD,HomeMadeNation.us@SD,grabber-epg,
HopeChannelNorthAmerica.us@SD,HopeChannelNorthAmerica.us@SD,grabber-epg,
HSN.us@West,HSN.us@West,grabber-epg,
HSN2.us@SD,HSN2.us@SD,grabber-epg,
HumorMill.us@SD,HumorMill.us@SD,grabber-epg,
Hungry.us@SD,Hungry.us@SD,grabber-epg,
iCarly.us@SD,iCarly.us@SD,grabber-epg,
IFC.us@East,IFC.us@East,grabber-epg,
ImpossibleQuizShow.us@SD,ImpossibleQuizShow.us@SD,grabber-epg,
INFAST.nl@SD,INFAST.nl@SD,grabber-epg,
InkMaster.us@SD,InkMaster.us@SD,grabber-epg,
InstantSaga.us@US,InstantSaga.us@US,grabber-epg,
Investiga.us@US,Investiga.us@US,grabber-epg,
INWILD.nl@SD,INWILD.nl@SD,grabber-epg,
IONTV.us@East,IONTV.us@East,grabber-epg,
IronChef.us@US,IronChef.us@US,grabber-epg,
JerseyShore.us@SD,JerseyShore.us@SD,grabber-epg,
JewelryTV.us@SD,JewelryTV.us@SD,grabber-epg,
JewishLifeTelevision.us@SD,JewishLifeTelevision.us@SD,grabber-epg,
JohnnyCarsonTV.us@SD,JohnnyCarsonTV.us@SD,grabber-epg,
Journy.us@SD,Journy.us@SD,grabber-epg,
JudgeNosey.us@US,JudgeNosey.us@US,grabber-epg,
JustforLaughsGags.us@SD,JustforLaughsGags.us@SD,grabber-epg,
KartoonChannel.us@SD,KartoonChannel.us@SD,grabber-epg,
KevinHartsLOLNetwork.us@SD,KevinHartsLOLNetwork.us@SD,grabber-epg,
KidsFlix.us@SD,KidsFlix.us@SD,grabber-epg,
KNXVTV611.us@HD,KNXVTV611.us@HD,grabber-epg,
Laff.us@SD,Laff.us@SD,grabber-epg,
LATV.us@SD,LATV.us@SD,grabber-epg,
LawCrime.us@SD,LawCrime.us@SD,grabber-epg,
LEGOKidsTV.us@SD,LEGOKidsTV.us@SD,grabber-epg,
Lifetime.us@East,Lifetime.us@East,grabber-epg,
LifetimeMovies.us@East,LifetimeMovies.us@East,grabber-epg,
LittleStarsUniverse.us@SD,LittleStarsUniverse.us@SD,grabber-epg,
LiveNOWfromFOX.us@SD,LiveNOWfromFOX.us@SD,grabber-epg,
Localish.us@SD,Localish.us@SD,grabber-epg,
LogoPlutoTV.us@SD,LogoPlutoTV.us@SD,grabber-epg,
LoneStar.us@SD,LoneStar.us@SD,grabber-epg,
LoveHipHop.us@SD,LoveHipHop.us@SD,grabber-epg,
LoveNatureenEspanol.us@SD,LoveNatureenEspanol.us@SD,grabber-epg,
LovePets.ca@US,LovePets.ca@US,grabber-epg,
LoveThePlanet.es@EN,LoveThePlanet.es@EN,grabber-epg,
LuckyDog.us@SD,LuckyDog.us@SD,grabber-epg,
MadeInHollywood.us@SD,MadeInHollywood.us@SD,grabber-epg,
MagellanTVNow.us@SD,MagellanTVNow.us@SD,grabber-epg,
Matlock.us@SD,Matlock.us@SD,grabber-epg,
MaverickBlackCinema.us@SD,MaverickBlackCinema.us@SD,grabber-epg,
MeTV.us@SD,MeTV.us@SD,grabber-epg,
MidnightPulp.us@SD,MidnightPulp.us@SD,grabber-epg,
MidsomerMurders.us@SD,MidsomerMurders.us@SD,grabber-epg,
MissionImpossible.us@SD,MissionImpossible.us@SD,grabber-epg,
Misteriossinresolver.us@SD,Misteriossinresolver.us@SD,grabber-epg,
MLB.us@SD,MLB.us@SD,grabber-epg,
MLBNetwork.us@SD,MLBNetwork.us@SD,grabber-epg,
MNT.us@WCIV,MNT.us@WCIV,grabber-epg,
MoreTVDrama.us@SD,MoreTVDrama.us@SD,grabber-epg,
MoreTVSitcoms.us@SD,MoreTVSitcoms.us@SD,grabber-epg,
MovieSphere.us@US,MovieSphere.us@US,grabber-epg,
MrBeanAnimated.uk@English,MrBeanAnimated.uk@English,grabber-epg,
MSG.us@SD,MSG.us@SD,grabber-epg,
MSNOW.us@SD,MSNOW.us@SD,grabber-epg,
MST3K.us@US,MST3K.us@US,grabber-epg,
MTV.us@East,MTV.us@East,grabber-epg,
MTV2.us@East,MTV2.us@East,grabber-epg,
MTVBiggestPop.us@US,MTVBiggestPop.us@US,grabber-epg,
MTVenEspanol.us@SD,MTVenEspanol.us@SD,grabber-epg,
MTVLive.us@SD,MTVLive.us@SD,grabber-epg,
MTVPlutoTV.us@US,MTVPlutoTV.us@US,grabber-epg,
MTVSpankinNew.us@US,MTVSpankinNew.us@US,grabber-epg,
MyTimeMovieNetworkEast.us@SD,MyTimeMovieNetworkEast.us@SD,grabber-epg,
Naruto.us@US,Naruto.us@US,grabber-epg,
NashBridges.us@SD,NashBridges.us@SD,grabber-epg,
NationalGeographic.us@HDEast,NationalGeographic.us@HDEast,grabber-epg,
NationalGeographicWild.us@HDEast,NationalGeographicWild.us@HDEast,grabber-epg,
NBATV.us@SD,NBATV.us@SD,grabber-epg,
NBC.us@WLIO,NBC.us@WLIO,grabber-epg,
NBCComedyVault.us@SD,NBCComedyVault.us@SD,grabber-epg,
NBCLX.us@SD,NBCLX.us@SD,grabber-epg,
NBCNewsNOW.us@SD,NBCNewsNOW.us@SD,grabber-epg,
NBCSportsNOW.us@SD,NBCSportsNOW.us@SD,grabber-epg,
NBCUniverso.us@West,NBCUniverso.us@West,grabber-epg,
NEWKMOVIES.us@SD,NEWKMOVIES.us@SD,grabber-epg,
NEWKPOP.us@SD,NEWKPOP.us@SD,grabber-epg,
News12NewYork.us@SD,News12NewYork.us@SD,grabber-epg,
Newsmax2.us@SD,Newsmax2.us@SD,grabber-epg,
NewsmaxTV.us@SD,NewsmaxTV.us@SD,grabber-epg,
Newsy.us@SD,Newsy.us@SD,grabber-epg,
NFLChannel.us@SD,NFLChannel.us@SD,grabber-epg,
NFLNetwork.us@SD,NFLNetwork.us@SD,grabber-epg,
NHLNetwork.us@SD,NHLNetwork.us@SD,grabber-epg,
NHRATV.us@SD,NHRATV.us@SD,grabber-epg,
Nickelodeon.us@East,Nickelodeon.us@East,grabber-epg,
NickelodeonPlutoTV.us@SD,NickelodeonPlutoTV.us@SD,grabber-epg,
NickJr.us@East,NickJr.us@East,grabber-epg,
NickJrPlutoTV.us@US,NickJrPlutoTV.us@US,grabber-epg,
Nicktoons.us@East,Nicktoons.us@East,grabber-epg,
NinjaKidzTV.us@SD,NinjaKidzTV.us@SD,grabber-epg,
Nosey.us@US,Nosey.us@US,grabber-epg,
Novelisima.us@SD,Novelisima.us@SD,grabber-epg,
OANPlus.us@KPVMLD,OANPlus.us@KPVMLD,grabber-epg,
OneAmericaNewsNetwork.us@SD,OneAmericaNewsNetwork.us@SD,grabber-epg,
OnePiece.us@US,OnePiece.us@US,grabber-epg,
OnTV4U.us@SD,OnTV4U.us@SD,grabber-epg,
OutdoorChannel.us@HD,OutdoorChannel.us@HD,grabber-epg,
OutdoorChannel.us@SD,OutdoorChannel.us@SD,grabber-epg,
OuterSphere.us@SD,OuterSphere.us@SD,grabber-epg,
OutsideTV.us@SD,OutsideTV.us@SD,grabber-epg,
Overtime.us@SD,Overtime.us@SD,grabber-epg,
Oxygen.us@East,Oxygen.us@East,grabber-epg,
Pac12Insider.us@SD,Pac12Insider.us@SD,grabber-epg,
ParamountMovieChannel.us@SD,ParamountMovieChannel.us@SD,grabber-epg,
ParamountPlusPicks.us@SD,ParamountPlusPicks.us@SD,grabber-epg,
PBRRidePass.us@SD,PBRRidePass.us@SD,grabber-epg,
PBS.us@KMOSTV,PBS.us@KMOSTV,grabber-epg,
PBSAntiquesRoadshow.us@SD,PBSAntiquesRoadshow.us@SD,grabber-epg,
PBSKids.us@SD,PBSKids.us@SD,grabber-epg,
PBSNature.us@SD,PBSNature.us@SD,grabber-epg,
PBSTravel.us@SD,PBSTravel.us@SD,grabber-epg,
PeopleAreAwesome.us@SD,PeopleAreAwesome.us@SD,grabber-epg,
PerryMason.us@SD,PerryMason.us@SD,grabber-epg,
PGATour.us@SD,PGATour.us@SD,grabber-epg,
PlutoTVAction.us@US,PlutoTVAction.us@US,grabber-epg,
PlutoTVAdventure.us@US,PlutoTVAdventure.us@US,grabber-epg,
PlutoTVAnime.us@US,PlutoTVAnime.us@US,grabber-epg,
PlutoTVAnimeMovies.us@SD,PlutoTVAnimeMovies.us@SD,grabber-epg,
PlutoTVBackcountry.us@SD,PlutoTVBackcountry.us@SD,grabber-epg,
PlutoTVCars.us@SD,PlutoTVCars.us@SD,grabber-epg,
PlutoTVCineComedia.us@US,PlutoTVCineComedia.us@US,grabber-epg,
PlutoTVComedy.us@US,PlutoTVComedy.us@US,grabber-epg,
PlutoTVCompetition.us@SD,PlutoTVCompetition.us@SD,grabber-epg,
PlutoTVCrimeDrama.us@SD,PlutoTVCrimeDrama.us@SD,grabber-epg,
PlutoTVCrimeMovies.us@SD,PlutoTVCrimeMovies.us@SD,grabber-epg,
PlutoTVCultFilms.us@US,PlutoTVCultFilms.us@US,grabber-epg,
PlutoTVDrama.us@US,PlutoTVDrama.us@US,grabber-epg,
PlutoTVElReinoInfantil.us@SD,PlutoTVElReinoInfantil.us@SD,grabber-epg,
PlutoTVFantastic.us@SD,PlutoTVFantastic.us@SD,grabber-epg,
PlutoTVGameShows.us@SD,PlutoTVGameShows.us@SD,grabber-epg,
PlutoTVHistory.us@US,PlutoTVHistory.us@US,grabber-epg,
PlutoTVHometownDrama.us@SD,PlutoTVHometownDrama.us@SD,grabber-epg,
PlutoTVHorror.us@US,PlutoTVHorror.us@US,grabber-epg,
PlutoTVIcons.us@SD,PlutoTVIcons.us@SD,grabber-epg,
PlutoTVLives.us@US,PlutoTVLives.us@US,grabber-epg,
PlutoTVMilitary.us@SD,PlutoTVMilitary.us@SD,grabber-epg,
PlutoTVNovelas.us@US,PlutoTVNovelas.us@US,grabber-epg,
PlutoTVParanormal.us@US,PlutoTVParanormal.us@US,grabber-epg,
PlutoTVPokemon.us@US,PlutoTVPokemon.us@US,grabber-epg,
PlutoTVReaction.us@SD,PlutoTVReaction.us@SD,grabber-epg,
PlutoTVReality.us@US,PlutoTVReality.us@US,grabber-epg,
PlutoTVRomance.us@US,PlutoTVRomance.us@US,grabber-epg,
PlutoTVScience.us@US,PlutoTVScience.us@US,grabber-epg,
PlutoTVSciFi.us@US,PlutoTVSciFi.us@US,grabber-epg,
PlutoTVSpotlight.us@SD,PlutoTVSpotlight.us@SD,grabber-epg,
PlutoTVStaffPicks.us@SD,PlutoTVStaffPicks.us@SD,grabber-epg,
PlutoTVTerror.us@SD,PlutoTVTerror.us@SD,grabber-epg,
PlutoTVTheTwilightZone.us@SD,PlutoTVTheTwilightZone.us@SD,grabber-epg,
PlutoTVThrillers.us@US,PlutoTVThrillers.us@US,grabber-epg,
PlutoTVTrendingNow.us@SD,PlutoTVTrendingNow.us@SD,grabber-epg,
PlutoTVTrueCrime.us@US,PlutoTVTrueCrime.us@US,grabber-epg,
PlutoTVWesterns.us@US,PlutoTVWesterns.us@US,grabber-epg,
PokerGo.us@US,PokerGo.us@US,grabber-epg,
Portlandia.us@SD,Portlandia.us@SD,grabber-epg,
PositivTV.us@SD,PositivTV.us@SD,grabber-epg,
PowerNationTV.us@SD,PowerNationTV.us@SD,grabber-epg,
PursuitUP.us@SD,PursuitUP.us@SD,grabber-epg,
QVC.us@SD,QVC.us@SD,grabber-epg,
QVC2.us@SD,QVC2.us@SD,grabber-epg,
RainbowRuby.us@SD,RainbowRuby.us@SD,grabber-epg,
RealAmericasVoice.us@SD,RealAmericasVoice.us@SD,grabber-epg,
RealWild.uk@SD,RealWild.uk@SD,grabber-epg,
RedBullTV.at@US,RedBullTV.at@US,grabber-epg,
Reelz.us@SD,Reelz.us@SD,grabber-epg,
RetroCrush.us@SD,RetroCrush.us@SD,grabber-epg,
RevandRoll.us@SD,RevandRoll.us@SD,grabber-epg,
Revolt.us@SD,Revolt.us@SD,grabber-epg,
Revry.us@SD,Revry.us@SD,grabber-epg,
RevryLatinX.us@SD,RevryLatinX.us@SD,grabber-epg,
RiffTrax.us@US,RiffTrax.us@US,grabber-epg,
Runtime.us@SD,Runtime.us@SD,grabber-epg,
RuntimeEspanol.us@SD,RuntimeEspanol.us@SD,grabber-epg,
RVTV.us@HD,RVTV.us@HD,grabber-epg,
RyanandFriends.us@SD,RyanandFriends.us@SD,grabber-epg,
SamsungWildlife.us@SD,SamsungWildlife.us@SD,grabber-epg,
SchwabNetwork.us@SD,SchwabNetwork.us@SD,grabber-epg,
ScrippsNews.us@SD,ScrippsNews.us@SD,grabber-epg,
SECNetwork.us@SD,SECNetwork.us@SD,grabber-epg,
SemillitasTV.us@SD,SemillitasTV.us@SD,grabber-epg,
ShemarooBollywood.us@SD,ShemarooBollywood.us@SD,grabber-epg,
ShopLC.us@SD,ShopLC.us@SD,grabber-epg,
Showtime.us@East,Showtime.us@East,grabber-epg,
ShowtimeFamilyZone.us@East,ShowtimeFamilyZone.us@East,grabber-epg,
SlopesTV.us@SD,SlopesTV.us@SD,grabber-epg,
SmithsonianChannelSelects.us@SD,SmithsonianChannelSelects.us@SD,grabber-epg,
SNLVault.us@SD,SNLVault.us@SD,grabber-epg,
SonicTV.us@SD,SonicTV.us@SD,grabber-epg,
SonyCanalNovelas.us@SD,SonyCanalNovelas.us@SD,grabber-epg,
SpikeOutdoors.us@SD,SpikeOutdoors.us@SD,grabber-epg,
SpikePlutoTV.us@SD,SpikePlutoTV.us@SD,grabber-epg,
SportsGrid.us@SD,SportsGrid.us@SD,grabber-epg,
Stadium.us@SD,Stadium.us@SD,grabber-epg,
StarTrek.us@US,StarTrek.us@US,grabber-epg,
Starz.us@East,Starz.us@East,grabber-epg,
StarzCinema.us@East,StarzCinema.us@East,grabber-epg,
StarzComedy.us@East,StarzComedy.us@East,grabber-epg,
StarzEdge.us@East,StarzEdge.us@East,grabber-epg,
StarzEncoreSpanish.us@East,StarzEncoreSpanish.us@East,grabber-epg,
StarzKidsFamily.us@East,StarzKidsFamily.us@East,grabber-epg,
StingrayGreatestHolidayHits.us@SD,StingrayGreatestHolidayHits.us@SD,grabber-epg,
StoriesbyAMC.us@SD,StoriesbyAMC.us@SD,grabber-epg,
SuperSimpleSongs.us@SD,SuperSimpleSongs.us@SD,grabber-epg,
Survivor.us@SD,Survivor.us@SD,grabber-epg,
SwerveSports.us@SD,SwerveSports.us@SD,grabber-epg,
SYFY.us@East,SYFY.us@East,grabber-epg,
Tastemade.us@US,Tastemade.us@US,grabber-epg,
TastemadeTravel.us@SD,TastemadeTravel.us@SD,grabber-epg,
TBN.us@East,TBN.us@East,grabber-epg,
TED.us@SD,TED.us@SD,grabber-epg,
TeenMom.us@SD,TeenMom.us@SD,grabber-epg,
TeenNick.us@East,TeenNick.us@East,grabber-epg,
Telemundo.us@East,Telemundo.us@East,grabber-epg,
TelemundoAlDia.us@HD,TelemundoAlDia.us@HD,grabber-epg,
TelemundoTelenovelasClasicas.us@SD,TelemundoTelenovelasClasicas.us@SD,grabber-epg,
TennisChannel.us@Plus2,TennisChannel.us@Plus2,grabber-epg,
TennisChannel.us@SD,TennisChannel.us@SD,grabber-epg,
TerraMaterWILD.de@English,TerraMaterWILD.de@English,grabber-epg,
TGJunior.us@SD,TGJunior.us@SD,grabber-epg,
TheAddamsFamily.us@SD,TheAddamsFamily.us@SD,grabber-epg,
TheAmazingRace.us@SD,TheAmazingRace.us@SD,grabber-epg,
TheAndyGriffithShow.us@SD,TheAndyGriffithShow.us@SD,grabber-epg,
TheAsylum.us@US,TheAsylum.us@US,grabber-epg,
TheBobRossChannel.us@SD,TheBobRossChannel.us@SD,grabber-epg,
TheCarolBurnettShow.us@SD,TheCarolBurnettShow.us@SD,grabber-epg,
TheChallenge.us@SD,TheChallenge.us@SD,grabber-epg,
TheConners.us@SD,TheConners.us@SD,grabber-epg,
TheDesignNetwork.us@SD,TheDesignNetwork.us@SD,grabber-epg,
TheFirstTV.us@SD,TheFirstTV.us@SD,grabber-epg,
TheGrahamNortonShow.uk@SD,TheGrahamNortonShow.uk@SD,grabber-epg,
TheHillTV.us@SD,TheHillTV.us@SD,grabber-epg,
TheJamieOliverChannel.us@SD,TheJamieOliverChannel.us@SD,grabber-epg,
TheJudgeJudyChannel.us@SD,TheJudgeJudyChannel.us@SD,grabber-epg,
TheLoveBoat.us@SD,TheLoveBoat.us@SD,grabber-epg,
TheNest.us@SD,TheNest.us@SD,grabber-epg,
TheNewDetectives.us@US,TheNewDetectives.us@US,grabber-epg,
ThePetCollective.us@US,ThePetCollective.us@US,grabber-epg,
ThePriceIsRight.us@HD,ThePriceIsRight.us@HD,grabber-epg,
ThePriceIsRightTheBarkerEra.us@SD,ThePriceIsRightTheBarkerEra.us@SD,grabber-epg,
TheRifleman.us@SD,TheRifleman.us@SD,grabber-epg,
TheWalkingDeadenEspanol.us@SD,TheWalkingDeadenEspanol.us@SD,grabber-epg,
TheWalkingDeadUniverse.us@SD,TheWalkingDeadUniverse.us@SD,grabber-epg,
ThisOldHouse.us@SD,ThisOldHouse.us@SD,grabber-epg,
ThreesCompany.us@SD,ThreesCompany.us@SD,grabber-epg,
TinyHouseNation.us@SD,TinyHouseNation.us@SD,grabber-epg,
TMZ.us@SD,TMZ.us@SD,grabber-epg,
TODAYAllDay.us@SD,TODAYAllDay.us@SD,grabber-epg,
ToonGoggles.us@SD,ToonGoggles.us@SD,grabber-epg,
Tosh0.us@SD,Tosh0.us@SD,grabber-epg,
TotallyTurtles.us@US,TotallyTurtles.us@US,grabber-epg,
TribecaChannel.us@SD,TribecaChannel.us@SD,grabber-epg,
TrueCrimeNow.us@SD,TrueCrimeNow.us@SD,grabber-epg,
TrueHistory.us@SD,TrueHistory.us@SD,grabber-epg,
TUDN.us@SD,TUDN.us@SD,grabber-epg,
TVEInternacionalAmerica.es@SD,TVEInternacionalAmerica.es@SD,grabber-epg,
TVLandDrama.us@SD,TVLandDrama.us@SD,grabber-epg,
TVLandSitcoms.us@SD,TVLandSitcoms.us@SD,grabber-epg,
TVSBoxing.us@SD,TVSBoxing.us@SD,grabber-epg,
TVSCipherNetwork.us@SD,TVSCipherNetwork.us@SD,grabber-epg,
TVSClassicMovies.us@SD,TVSClassicMovies.us@SD,grabber-epg,
TVSClassicSports.us@SD,TVSClassicSports.us@SD,grabber-epg,
TVSComedyNetwork.us@SD,TVSComedyNetwork.us@SD,grabber-epg,
TVSDriveInMovie.us@SD,TVSDriveInMovie.us@SD,grabber-epg,
TVSFilmNoirNetwork.us@SD,TVSFilmNoirNetwork.us@SD,grabber-epg,
TVSHiTops.us@SD,TVSHiTops.us@SD,grabber-epg,
TVSHollywoodHistory.us@SD,TVSHollywoodHistory.us@SD,grabber-epg,
TVSMainstreet.us@SD,TVSMainstreet.us@SD,grabber-epg,
TVSNostalgia.us@SD,TVSNostalgia.us@SD,grabber-epg,
TVSNostalgiaMovies.us@SD,TVSNostalgiaMovies.us@SD,grabber-epg,
TVSPinballNetwork.us@SD,TVSPinballNetwork.us@SD,grabber-epg,
TVSQuizShowNetwork.us@SD,TVSQuizShowNetwork.us@SD,grabber-epg,
TVSSelectNetwork.us@SD,TVSSelectNetwork.us@SD,grabber-epg,
TVSTallyHo.us@SD,TVSTallyHo.us@SD,grabber-epg,
TVSTavern.us@SD,TVSTavern.us@SD,grabber-epg,
TVSTurbo.us@SD,TVSTurbo.us@SD,grabber-epg,
TVSWesternMovie.us@SD,TVSWesternMovie.us@SD,grabber-epg,
TVSWomenSports.us@SD,TVSWomenSports.us@SD,grabber-epg,
Unbeaten.us@SD,Unbeaten.us@SD,grabber-epg,
Unidentified.us@SD,Unidentified.us@SD,grabber-epg,
UniMas.us@Mountain,UniMas.us@Mountain,grabber-epg,
UniversalComedy.us@SD,UniversalComedy.us@SD,grabber-epg,
UniversalCrime.us@East,UniversalCrime.us@East,grabber-epg,
Univision.us@East,Univision.us@East,grabber-epg,
UnivisionTlnovelas.us@SD,UnivisionTlnovelas.us@SD,grabber-epg,
UnsolvedMysteries.us@US,UnsolvedMysteries.us@US,grabber-epg,
USANetwork.us@East,USANetwork.us@East,grabber-epg,
USATODAY.us@SD,USATODAY.us@SD,grabber-epg,
VenevisionInternacional.ve@SD,VenevisionInternacional.ve@SD,grabber-epg,
Vevo2K.us@SD,Vevo2K.us@SD,grabber-epg,
Vevo70s.us@SD,Vevo70s.us@SD,grabber-epg,
Vevo80s.us@SD,Vevo80s.us@SD,grabber-epg,
Vevo90s.us@SD,Vevo90s.us@SD,grabber-epg,
VevoCountry.us@SD,VevoCountry.us@SD,grabber-epg,
VevoHipHop.us@SD,VevoHipHop.us@SD,grabber-epg,
VevoLatino.us@SD,VevoLatino.us@SD,grabber-epg,
VevoPop.us@SD,VevoPop.us@SD,grabber-epg,
VevoRB.us@SD,VevoRB.us@SD,grabber-epg,
VevoRetroRock.us@SD,VevoRetroRock.us@SD,grabber-epg,
VevoTrueSchoolHipHop.us@SD,VevoTrueSchoolHipHop.us@SD,grabber-epg,
VICETV.us@SD,VICETV.us@SD,grabber-epg,
WantedDeadorAlive.us@SD,WantedDeadorAlive.us@SD,grabber-epg,
WatchitKID.us@SD,WatchitKID.us@SD,grabber-epg,
WatchitScream.us@SD,WatchitScream.us@SD,grabber-epg,
WaypointTV.us@SD,WaypointTV.us@SD,grabber-epg,
WBTV641.us@HD,WBTV641.us@HD,grabber-epg,
WeatherNation.us@SD,WeatherNation.us@SD,grabber-epg,
WeatherSpy.us@SD,WeatherSpy.us@SD,grabber-epg,
WeedsNurseJackie.us@SD,WeedsNurseJackie.us@SD,grabber-epg,
WesternTV.us@SD,WesternTV.us@SD,grabber-epg,
WeTV.us@East,WeTV.us@East,grabber-epg,
WildNOut.us@SD,WildNOut.us@SD,grabber-epg,
WillowSports.us@SD,WillowSports.us@SD,grabber-epg,
WineWatchesWhiskey.us@HD,WineWatchesWhiskey.us@HD,grabber-epg,
WipeoutXtra.us@SD,WipeoutXtra.us@SD,grabber-epg,
Wired2FishTV.us@SD,Wired2FishTV.us@SD,grabber-epg,
WomensSportsNetwork.us@SD,WomensSportsNetwork.us@SD,grabber-epg,
WorldChannel.us@SD,WorldChannel.us@SD,grabber-epg,
WorldPokerTour.us@US,WorldPokerTour.us@US,grabber-epg,
WPLG101.us@HD,WPLG101.us@HD,grabber-epg,
WuTangCollection.us@SD,WuTangCollection.us@SD,grabber-epg,
XFCTV.us@SD,XFCTV.us@SD,grabber-epg,
XITE90sThrowback.us@SD,XITE90sThrowback.us@SD,grabber-epg,
XITEClassicCountry.nl@SD,XITEClassicCountry.nl@SD,grabber-epg,
XITEJustChill.nl@US,XITEJustChill.nl@US,grabber-epg,
XITENuevoLatino.us@SD,XITENuevoLatino.us@SD,grabber-epg,
XITEReggaeVibes.nl@HD,XITEReggaeVibes.nl@HD,grabber-epg,
XITERockxMetal.nl@US,XITERockxMetal.nl@US,grabber-epg,
XITESiempreLatino.us@SD,XITESiempreLatino.us@SD,grabber-epg,
XploreTV.us@SD,XploreTV.us@SD,grabber-epg,
YahooFinance.us@SD,YahooFinance.us@SD,grabber-epg,
YesNetwork.us@SD,YesNetwork.us@SD,grabber-epg,
YoMTV.us@SD,YoMTV.us@SD,grabber-epg,
YuGiOh.us@SD,YuGiOh.us@SD,grabber-epg,
YuGiOhenespanol.us@SD,YuGiOhenespanol.us@SD,grabber-epg,
